language,baseline_rate_pct,alpha12_rate_pct,delta_pp
gu,70.41666666666667,33.333333333333336,37.083333333333336
kn,75.0,39.583333333333336,35.416666666666664
hi,77.08333333333333,43.333333333333336,33.75
hi-en,70.0,36.25,33.75
mr,71.25,37.916666666666664,33.33333333333333
ta,78.33333333333333,46.66666666666667,31.666666666666664
bn,71.25,40.0,31.25
te,75.83333333333333,44.583333333333336,31.25
ml,72.08333333333333,50.416666666666664,21.666666666666668
