condition,overall_harmful_rate_pct,reduction_vs_baseline_pp
Baseline,85.83333333333334,0.0
alpha_1,50.0,35.83333333333334
alpha_4,44.125,41.70833333333334
alpha_8,37.875,47.95833333333334
alpha_12,30.375,55.45833333333334
alpha_15,27.125,58.70833333333334
